Trait,Dataset,Element,negLog10_q,n_tests,q,P_reconstructed,FDR_reconstructed
PD minus 23andMe,PsychENCODE,Enhancer,1.1,144,0.079432823,0.002758084,0.079432823
PD minus 23andMe,Microglia,Promoter,1.3,144,0.050118723,0.00104414,0.050118723
PD minus 23andMe,Microglia,Enhancer,0.9,144,0.125892541,0.006119776,0.125892541
PD minus 23andMe,Neurons,Promoter,1.2,144,0.063095734,0.001752659,0.063095734
PD minus 23andMe,Neurons,Enhancer,1.4,144,0.039810717,0.000552927,0.039810717
PD minus 23andMe,Oligodendrocytes,Promoter,1.8,144,0.015848932,0.000110062,0.015848932
PD minus 23andMe,Oligodendrocytes,Enhancer,1,144,0.1,0.004166667,0.1
PD minus 23andMe,Astrocytes,Promoter,0.3,144,0.501187234,0.031324202,0.501187234
PD minus 23andMe,Astrocytes,Enhancer,0.4,144,0.398107171,0.022117065,0.398107171